surface	qid	note
Bundesrepublik	Q183	Deutschland
Bundesrepublik Deutschland	Q183	Deutschland
China	Q148	Volksrepublik China
Großbritannien	Q145	Vereinigtes Königreich
USA	Q30	Vereinigte Staaten
Vereinigte Staaten von Amerika	Q30	Vereinigte Staaten
Russische Föderation	Q159	Russland
Tschechische Republik	Q213	Tschechien
Mazedonien	Q221	Nordmazedonien
Republik Türkei	Q43	Türkei
VAE	Q878	Vereinigte Arabische Emirate
Bayerischer Freistaat	Q980	Bayern
NRW	Q1198	Nordrhein-Westfalen
Nordrhein Westfalen	Q1198	Nordrhein-Westfalen
Frankfurt	Q1794	Frankfurt am Main (Frankfurt (Oder) is written out in full in the protocols)
Gaza	Q39760	Gaza-Streifen
Gazastreifen	Q39760	Gaza-Streifen
Bremen	Q1209	the Land and its city share the name; the Land is meant more often, reviewed
Freistaat Bayern	Q980	Bayern
Freistaat Sachsen	Q1202	Sachsen
Freistaat Thüringen	Q1205	Thüringen
