qid	label
Q889	Afghanistan
Q222	Albanien
Q262	Algerien
Q228	Andorra
Q916	Angola
Q781	Antigua und Barbuda
Q414	Argentinien
Q399	Armenien
Q227	Aserbaidschan
Q408	Australien
Q778	Bahamas
Q398	Bahrain
Q902	Bangladesch
Q244	Barbados
Q184	Belarus
Q31	Belgien
Q242	Belize
Q962	Benin
Q917	Bhutan
Q750	Bolivien
Q225	Bosnien und Herzegowina
Q963	Botswana
Q155	Brasilien
Q921	Brunei
Q219	Bulgarien
Q965	Burkina Faso
Q967	Burundi
Q298	Chile
Q800	Costa Rica
Q974	Demokratische Republik Kongo
Q183	Deutschland
Q784	Dominica
Q786	Dominikanische Republik
Q977	Dschibuti
Q736	Ecuador
Q792	El Salvador
Q1008	Elfenbeinküste
Q986	Eritrea
Q191	Estland
Q1050	Eswatini
Q712	Fidschi
Q33	Finnland
Q142	Frankreich
Q702	Föderierte Staaten von Mikronesien
Q1000	Gabun
Q1005	Gambia
Q39760	Gaza-Streifen
Q230	Georgien
Q117	Ghana
Q769	Grenada
Q41	Griechenland
Q774	Guatemala
Q1006	Guinea
Q1007	Guinea-Bissau
Q734	Guyana
Q790	Haiti
Q783	Honduras
Q668	Indien
Q252	Indonesien
Q796	Irak
Q794	Iran
Q27	Irland
Q189	Island
Q801	Israel
Q38	Italien
Q766	Jamaika
Q17	Japan
Q805	Jemen
Q810	Jordanien
Q424	Kambodscha
Q1009	Kamerun
Q16	Kanada
Q1011	Kap Verde
Q232	Kasachstan
Q846	Katar
Q114	Kenia
Q813	Kirgisistan
Q710	Kiribati
Q739	Kolumbien
Q970	Komoren
Q1246	Kosovo
Q224	Kroatien
Q241	Kuba
Q817	Kuwait
Q756617	Königreich Dänemark
Q29999	Königreich der Niederlande
Q819	Laos
Q1013	Lesotho
Q211	Lettland
Q822	Libanon
Q1014	Liberia
Q1016	Libyen
Q347	Liechtenstein
Q37	Litauen
Q32	Luxemburg
Q1019	Madagaskar
Q1020	Malawi
Q833	Malaysia
Q826	Malediven
Q912	Mali
Q233	Malta
Q1028	Marokko
Q709	Marshallinseln
Q1025	Mauretanien
Q1027	Mauritius
Q96	Mexiko
Q217	Moldau
Q235	Monaco
Q711	Mongolei
Q236	Montenegro
Q1029	Mosambik
Q836	Myanmar
Q1030	Namibia
Q697	Naoero
Q837	Nepal
Q664	Neuseeland
Q811	Nicaragua
Q1032	Niger
Q1033	Nigeria
Q423	Nordkorea
Q221	Nordmazedonien
Q20	Norwegen
Q842	Oman
Q574	Osttimor
Q843	Pakistan
Q695	Palau
Q219060	Palästina
Q804	Panama
Q691	Papua-Neuguinea
Q733	Paraguay
Q419	Peru
Q928	Philippinen
Q36	Polen
Q45	Portugal
Q971	Republik Kongo
Q1037	Ruanda
Q159	Russland
Q685	Salomonen
Q953	Sambia
Q683	Samoa
Q238	San Marino
Q851	Saudi-Arabien
Q34	Schweden
Q39	Schweiz
Q1041	Senegal
Q403	Serbien
Q1042	Seychellen
Q1044	Sierra Leone
Q954	Simbabwe
Q334	Singapur
Q214	Slowakei
Q215	Slowenien
Q1045	Somalia
Q29	Spanien
Q854	Sri Lanka
Q763	St. Kitts und Nevis
Q760	St. Lucia
Q757	St. Vincent und die Grenadinen
Q1049	Sudan
Q730	Suriname
Q858	Syrien
Q1039	São Tomé und Príncipe
Q258	Südafrika
Q884	Südkorea
Q958	Südsudan
Q863	Tadschikistan
Q865	Taiwan
Q924	Tansania
Q869	Thailand
Q945	Togo
Q678	Tonga
Q754	Trinidad und Tobago
Q657	Tschad
Q213	Tschechien
Q948	Tunesien
Q874	Turkmenistan
Q672	Tuvalu
Q43	Türkei
Q1036	Uganda
Q212	Ukraine
Q28	Ungarn
Q77	Uruguay
Q265	Usbekistan
Q686	Vanuatu
Q237	Vatikanstadt
Q717	Venezuela
Q878	Vereinigte Arabische Emirate
Q30	Vereinigte Staaten
Q145	Vereinigtes Königreich
Q881	Vietnam
Q148	Volksrepublik China
Q929	Zentralafrikanische Republik
Q229	Zypern
Q79	Ägypten
Q983	Äquatorialguinea
Q115	Äthiopien
Q40	Österreich
