qid	label	aliases
Q7184	NATO	NATO
Q458	Europäische Union	EU|Europäische Union
Q1065	Vereinte Nationen	UN|UNO|Vereinte Nationen
Q8880	Europäische Kommission	Europäische Kommission|EU-Kommission
Q8889	Europäisches Parlament	Europäisches Parlament|EU-Parlament|Europaparlament
Q8886	Europäischer Rat	Europäischer Rat
Q8896	Rat der Europäischen Union	Rat der Europäischen Union
Q8901	Europäische Zentralbank	Europäische Zentralbank|EZB
Q162222	Deutsche Bundesbank	Deutsche Bundesbank|Bundesbank
Q56025	Bundesverfassungsgericht	Bundesverfassungsgericht|BVerfG
Q687323	Bundesgerichtshof	Bundesgerichtshof|BGH
Q1518827	Europäischer Gerichtshof	Europäischer Gerichtshof|EuGH|Gerichtshof der Europäischen Union
Q122880	Europäischer Gerichtshof für Menschenrechte	Europäischer Gerichtshof für Menschenrechte|EGMR
Q7801	Internationaler Gerichtshof	Internationaler Gerichtshof|IGH
Q47488	Internationaler Strafgerichtshof	Internationaler Strafgerichtshof|IStGH
Q56010	Bundeswehr	Bundeswehr
Q272969	Bundesnachrichtendienst	Bundesnachrichtendienst|BND
Q310522	Bundesamt für Verfassungsschutz	Bundesamt für Verfassungsschutz|BfV
Q1005470	Bundesamt für Migration und Flüchtlinge	Bundesamt für Migration und Flüchtlinge|BAMF
Q1478016	Bundesagentur für Arbeit	Bundesagentur für Arbeit
Q56033	Bundesrechnungshof	Bundesrechnungshof
Q146138	Bundesrat	Bundesrat
Q56026	Bundespolizei	Bundespolizei
Q56030	Bundeskriminalamt	Bundeskriminalamt|BKA
Q257906	Bundesamt für Sicherheit in der Informationstechnik	Bundesamt für Sicherheit in der Informationstechnik|BSI
Q450394	Bundeskartellamt	Bundeskartellamt
Q269138	Bundesnetzagentur	Bundesnetzagentur
Q314211	Bundesanstalt für Finanzdienstleistungsaufsicht	BaFin|Bundesanstalt für Finanzdienstleistungsaufsicht
Q658270	KfW	KfW|Kreditanstalt für Wiederaufbau
Q520524	Bundeszentrale für politische Bildung	Bundeszentrale für politische Bildung|BpB
Q679041	Robert Koch-Institut	Robert Koch-Institut|Robert-Koch-Institut|RKI
Q325859	Deutscher Wetterdienst	Deutscher Wetterdienst|DWD
Q1203773	Deutsche Rentenversicherung	Deutsche Rentenversicherung
Q696045	Treuhandanstalt	Treuhandanstalt|Treuhand
Q9322	Deutsche Bahn	Deutsche Bahn|Deutsche Bahn AG
Q9325	Lufthansa	Lufthansa|Deutsche Lufthansa
Q9396	Deutsche Telekom	Deutsche Telekom|Telekom
Q156578	Volkswagen	Volkswagen|VW
Q81230	Siemens	Siemens|Siemens AG
Q161544	Rheinmetall	Rheinmetall
Q9401	BASF	BASF
Q66048	Deutsche Bank	Deutsche Bank
Q102673	Gazprom	Gazprom
Q380	Meta Platforms	Meta|Meta Platforms
Q95	Google	Google
Q2283	Microsoft	Microsoft
Q7817	Weltgesundheitsorganisation	Weltgesundheitsorganisation|WHO
Q7804	Internationaler Währungsfonds	Internationaler Währungsfonds|IWF
Q7164	Weltbank	Weltbank
Q7825	Welthandelsorganisation	Welthandelsorganisation|WTO
Q41550	OECD	OECD
Q81299	OSZE	OSZE
Q8908	Europarat	Europarat
Q41984	Internationale Atomenergie-Organisation	IAEO|Internationale Atomenergie-Organisation|IAEA
Q7795	OPEC	OPEC
Q846656	UNRWA	UNRWA
Q7809	UNESCO	UNESCO
Q54129	Internationale Arbeitsorganisation	Internationale Arbeitsorganisation|ILO
Q132551	UNHCR	UNHCR
Q740308	UNICEF	UNICEF
Q37470	Sicherheitsrat der Vereinten Nationen	UN-Sicherheitsrat|Sicherheitsrat der Vereinten Nationen
Q192247	Europäische Investitionsbank	Europäische Investitionsbank|EIB
Q207203	Europol	Europol
Q21786841	Frontex	Frontex
Q1764511	G7	G7
Q19771	G20	G20
Q243630	BRICS	BRICS
Q42970	Amnesty International	Amnesty International
Q81307	Greenpeace	Greenpeace
Q586581	Deutscher Gewerkschaftsbund	Deutscher Gewerkschaftsbund|DGB
Q329301	Bundesverband der Deutschen Industrie	Bundesverband der Deutschen Industrie|BDI
Q317555	Bertelsmann Stiftung	Bertelsmann Stiftung
Q1205370	Deutscher Städtetag	Deutscher Städtetag
Q1735243	Kassenärztliche Bundesvereinigung	Kassenärztliche Bundesvereinigung|KBV
Q1203253	Deutsche Krankenhausgesellschaft	Deutsche Krankenhausgesellschaft|DKG
Q40970	Internationales Olympisches Komitee	Internationales Olympisches Komitee|IOC
Q253414	FIFA	FIFA
Q154191	Deutscher Fußball-Bund	Deutscher Fußball-Bund|DFB
Q48989	ZDF	ZDF
Q153770	Deutsche Welle	Deutsche Welle
Q2429253	Islamischer Staat	Islamischer Staat
Q38799	Hamas	Hamas
Q41053	Hisbollah	Hisbollah|Hizbollah
Q42418	Taliban	Taliban
